test,category,input,encrypted,recovered,decrypted,restored,bits,result
roundtrip,known-plain,59c359c3,9cd84392,59c359c3,137b1f72,59c359c3,32,PASS
roundtrip,known-cipher,9cd84392,dd04d7ac,9cd84392,59c359c3,9cd84392,32,PASS
roundtrip,edge,00000000,08abd043,00000000,c42c8e6a,00000000,32,PASS
roundtrip,edge,ffffffff,985a8b07,ffffffff,ac917720,ffffffff,32,PASS
roundtrip,alternating,aaaaaaaa,e6d1b7df,aaaaaaaa,ee2367fb,aaaaaaaa,32,PASS
roundtrip,alternating,55555555,2d8a8e8a,55555555,f6c7e830,55555555,32,PASS
roundtrip,ramp,01234567,70aa949e,01234567,178935a6,01234567,32,PASS
roundtrip,ramp,89abcdef,e1019d31,89abcdef,2d00588b,89abcdef,32,PASS
roundtrip,walking-one,00000001,08abd0bf,00000001,c42c8e98,00000001,32,PASS
roundtrip,walking-zero,fffffffe,985a8b1f,fffffffe,ac917733,fffffffe,32,PASS
roundtrip,walking-one,00000002,08abd05d,00000002,c42c8e2c,00000002,32,PASS
roundtrip,walking-zero,fffffffd,985a8b25,fffffffd,ac917797,fffffffd,32,PASS
roundtrip,walking-one,00000004,08abd071,00000004,c42c8e40,00000004,32,PASS
roundtrip,walking-zero,fffffffb,985a8baa,fffffffb,ac917744,fffffffb,32,PASS
roundtrip,walking-one,00000008,08abd0f8,00000008,c42c8e06,00000008,32,PASS
roundtrip,walking-zero,fffffff7,985a8bfa,fffffff7,ac9177ea,fffffff7,32,PASS
roundtrip,walking-one,00000010,08abd068,00000010,c42c8ef4,00000010,32,PASS
roundtrip,walking-zero,ffffffef,985a8b31,ffffffef,ac91778b,ffffffef,32,PASS
roundtrip,walking-one,00000020,08abd0ff,00000020,c42c8ec8,00000020,32,PASS
roundtrip,walking-zero,ffffffdf,985a8b3f,ffffffdf,ac9177aa,ffffffdf,32,PASS
roundtrip,walking-one,00000040,08abd004,00000040,c42c8eec,00000040,32,PASS
roundtrip,walking-zero,ffffffbf,985a8b87,ffffffbf,ac917701,ffffffbf,32,PASS
roundtrip,walking-one,00000080,08abd006,00000080,c42c8e56,00000080,32,PASS
roundtrip,walking-zero,ffffff7f,985a8baf,ffffff7f,ac9177cc,ffffff7f,32,PASS
roundtrip,walking-one,00000100,08ab8f43,00000100,c42c526a,00000100,32,PASS
roundtrip,walking-zero,fffffeff,985ab207,fffffeff,ac91ac20,fffffeff,32,PASS
roundtrip,walking-one,00000200,08ab2b43,00000200,c42c8c6a,00000200,32,PASS
roundtrip,walking-zero,fffffdff,985af407,fffffdff,ac913420,fffffdff,32,PASS
roundtrip,walking-one,00000400,08ab5b43,00000400,c42c636a,00000400,32,PASS
roundtrip,walking-zero,fffffbff,985a6607,fffffbff,ac917220,fffffbff,32,PASS
roundtrip,walking-one,00000800,08abbc43,00000800,c42cdf6a,00000800,32,PASS
roundtrip,walking-zero,fffff7ff,985a2907,fffff7ff,ac910b20,fffff7ff,32,PASS
roundtrip,walking-one,00001000,08ab4b43,00001000,c42c956a,00001000,32,PASS
roundtrip,walking-zero,ffffefff,985a1707,ffffefff,ac914920,ffffefff,32,PASS
roundtrip,walking-one,00002000,08abcb43,00002000,c42cb26a,00002000,32,PASS
roundtrip,walking-zero,ffffdfff,985a0807,ffffdfff,ac91e020,ffffdfff,32,PASS
roundtrip,walking-one,00004000,08ab2643,00004000,c42c2e6a,00004000,32,PASS
roundtrip,walking-zero,ffffbfff,985a9b07,ffffbfff,ac911720,ffffbfff,32,PASS
roundtrip,walking-one,00008000,08ab5843,00008000,c42c336a,00008000,32,PASS
roundtrip,walking-zero,ffff7fff,985a7c07,ffff7fff,ac916620,ffff7fff,32,PASS
roundtrip,walking-one,00010000,08b6d043,00010000,c4ab8e6a,00010000,32,PASS
roundtrip,walking-zero,fffeffff,98f68b07,fffeffff,ace97720,fffeffff,32,PASS
roundtrip,walking-one,00020000,08c5d043,00020000,c42a8e6a,00020000,32,PASS
roundtrip,walking-zero,fffdffff,98088b07,fffdffff,ac937720,fffdffff,32,PASS
roundtrip,walking-one,00040000,08fcd043,00040000,c4d88e6a,00040000,32,PASS
roundtrip,walking-zero,fffbffff,98208b07,fffbffff,acde7720,fffbffff,32,PASS
roundtrip,walking-one,00080000,08c1d043,00080000,c4fd8e6a,00080000,32,PASS
roundtrip,walking-zero,fff7ffff,98518b07,fff7ffff,accb7720,fff7ffff,32,PASS
roundtrip,walking-one,00100000,08a2d043,00100000,c4c98e6a,00100000,32,PASS
roundtrip,walking-zero,ffefffff,98368b07,ffefffff,ac497720,ffefffff,32,PASS
roundtrip,walking-one,00200000,0854d043,00200000,c4fb8e6a,00200000,32,PASS
roundtrip,walking-zero,ffdfffff,98bd8b07,ffdfffff,acc47720,ffdfffff,32,PASS
roundtrip,walking-one,00400000,0834d043,00400000,c47d8e6a,00400000,32,PASS
roundtrip,walking-zero,ffbfffff,98d58b07,ffbfffff,ac977720,ffbfffff,32,PASS
roundtrip,walking-one,00800000,0884d043,00800000,c42b8e6a,00800000,32,PASS
roundtrip,walking-zero,ff7fffff,98488b07,ff7fffff,acca7720,ff7fffff,32,PASS
roundtrip,walking-one,01000000,70abd043,01000000,172c8e6a,01000000,32,PASS
roundtrip,walking-zero,feffffff,a65a8b07,feffffff,99917720,feffffff,32,PASS
roundtrip,walking-one,02000000,a3abd043,02000000,672c8e6a,02000000,32,PASS
roundtrip,walking-zero,fdffffff,a45a8b07,fdffffff,43917720,fdffffff,32,PASS
roundtrip,walking-one,04000000,d6abd043,04000000,1b2c8e6a,04000000,32,PASS
roundtrip,walking-zero,fbffffff,945a8b07,fbffffff,23917720,fbffffff,32,PASS
roundtrip,walking-one,08000000,edabd043,08000000,002c8e6a,08000000,32,PASS
roundtrip,walking-zero,f7ffffff,5e5a8b07,f7ffffff,12917720,f7ffffff,32,PASS
roundtrip,walking-one,10000000,ceabd043,10000000,182c8e6a,10000000,32,PASS
roundtrip,walking-zero,efffffff,a05a8b07,efffffff,40917720,efffffff,32,PASS
roundtrip,walking-one,20000000,aeabd043,20000000,472c8e6a,20000000,32,PASS
roundtrip,walking-zero,dfffffff,745a8b07,dfffffff,c3917720,dfffffff,32,PASS
roundtrip,walking-one,40000000,efabd043,40000000,832c8e6a,40000000,32,PASS
roundtrip,walking-zero,bfffffff,425a8b07,bfffffff,4e917720,bfffffff,32,PASS
roundtrip,walking-one,80000000,76abd043,80000000,b52c8e6a,80000000,32,PASS
roundtrip,walking-zero,7fffffff,5a5a8b07,7fffffff,0c917720,7fffffff,32,PASS
roundtrip,deterministic-sample,67d33a74,0271cae9,67d33a74,3a585b4b,67d33a74,32,PASS
roundtrip,deterministic-sample,132afd7a,5902f4a4,132afd7a,6d0f3434,132afd7a,32,PASS
roundtrip,deterministic-sample,dc36fc38,ea676f1b,dc36fc38,d6ef504e,dc36fc38,32,PASS
roundtrip,deterministic-sample,758e41e0,b3af7acf,758e41e0,68099042,758e41e0,32,PASS
roundtrip,deterministic-sample,0bf1f819,afec8844,0bf1f819,c06619d6,0bf1f819,32,PASS
roundtrip,deterministic-sample,aaaa8e60,e6d1007c,aaaa8e60,ee2355b7,aaaa8e60,32,PASS
roundtrip,deterministic-sample,97b889b3,5cb1b1cc,97b889b3,3982c85a,97b889b3,32,PASS
roundtrip,deterministic-sample,575bf474,16c06ce9,575bf474,58d0fd4b,575bf474,32,PASS
roundtrip,deterministic-sample,1379735e,59e6620e,1379735e,6dae0611,1379735e,32,PASS
roundtrip,deterministic-sample,9f471737,c9e1bf98,9f471737,05eaef9c,9f471737,32,PASS
roundtrip,deterministic-sample,c998f507,ac49392a,c998f507,9fce7bff,c998f507,32,PASS
roundtrip,deterministic-sample,3037adfb,8deb4daa,3037adfb,8ff9b844,3037adfb,32,PASS
roundtrip,deterministic-sample,749d48df,de662e3f,749d48df,dff515aa,749d48df,32,PASS
roundtrip,deterministic-sample,6d5e059c,131e5037,6d5e059c,b151ab32,6d5e059c,32,PASS
roundtrip,deterministic-sample,1057be2a,ce872c7e,1057be2a,18bb9e07,1057be2a,32,PASS
roundtrip,deterministic-sample,15c33183,5fd8e54f,15c33183,5b7b21b4,15c33183,32,PASS
roundtrip,deterministic-sample,0d9e673a,fcc8aa23,0d9e673a,8a9b25ac,0d9e673a,32,PASS
roundtrip,deterministic-sample,ee51b746,aa5ea86c,ee51b746,a1f7aa35,ee51b746,32,PASS
roundtrip,deterministic-sample,cf9a785a,1c1f0bb3,cf9a785a,481bc528,cf9a785a,32,PASS
roundtrip,deterministic-sample,92be7a52,3c1aa030,92be7a52,2fc6414a,92be7a52,32,PASS
roundtrip,deterministic-sample,e37681a8,e9652ffc,e37681a8,de45b6c5,e37681a8,32,PASS
roundtrip,deterministic-sample,5b309929,157834dc,5b309929,ce06ca84,5b309929,32,PASS
roundtrip,deterministic-sample,4aa63943,0e0e5ae7,4aa63943,cd75f500,4aa63943,32,PASS
roundtrip,deterministic-sample,3c4def04,6cd21771,3c4def04,92264940,3c4def04,32,PASS
roundtrip,deterministic-sample,b408d592,2bc1baac,b408d592,37fda1c3,b408d592,32,PASS
roundtrip,deterministic-sample,79e29b2f,6ba76197,79e29b2f,f205bf70,79e29b2f,32,PASS
roundtrip,deterministic-sample,7a6aa3ec,64162140,7a6aa3ec,873253f2,7a6aa3ec,32,PASS
roundtrip,deterministic-sample,ecf1a807,61ecc52a,ecf1a807,ed66b7ff,ecf1a807,32,PASS
roundtrip,deterministic-sample,e7d5bb1f,145d652e,e7d5bb1f,a7bf23fe,e7d5bb1f,32,PASS
roundtrip,deterministic-sample,46781bc4,50e8133d,46781bc4,a4308f31,46781bc4,32,PASS
roundtrip,deterministic-sample,e51791c4,95cbc63d,e51791c4,a9c0cb31,e51791c4,32,PASS
roundtrip,deterministic-sample,f2cc5033,7915fcfe,f2cc5033,346d05f5,f2cc5033,32,PASS
roundtrip,deterministic-sample,618b8696,abd9b4d6,618b8696,eca34f5f,618b8696,32,PASS
roundtrip,deterministic-sample,3a70897a,6769b1a4,3a70897a,a34ac834,3a70897a,32,PASS
roundtrip,deterministic-sample,40a44675,efd73c11,40a44675,83db967b,40a44675,32,PASS
roundtrip,deterministic-sample,c53aca40,a9139904,c53aca40,c85d3aec,c53aca40,32,PASS
roundtrip,deterministic-sample,12220b59,f799f769,12220b59,223d7845,12220b59,32,PASS
roundtrip,deterministic-sample,3a695d5d,67bc1866,3a695d5d,a3709802,3a695d5d,32,PASS
roundtrip,deterministic-sample,299c423c,54687585,299c423c,2119c953,299c423c,32,PASS
roundtrip,deterministic-sample,9aa9c8f1,f52f8978,9aa9c8f1,a82eb976,9aa9c8f1,32,PASS
roundtrip,deterministic-sample,d5409c6a,6e343f00,d5409c6a,657d127e,d5409c6a,32,PASS
roundtrip,deterministic-sample,1f7a5e8c,7b7d6dce,1f7a5e8c,d87e0ecb,1f7a5e8c,32,PASS
roundtrip,deterministic-sample,c1d56ff9,c25d3eb8,c1d56ff9,73bffca5,c1d56ff9,32,PASS
roundtrip,deterministic-sample,e965446c,2343a5c1,e965446c,e376d846,e965446c,32,PASS
roundtrip,deterministic-sample,7cf47798,8ec4ff01,7cf47798,b78fe937,7cf47798,32,PASS
roundtrip,deterministic-sample,b2e6ddfb,f0f37baa,b2e6ddfb,cb790944,b2e6ddfb,32,PASS
roundtrip,deterministic-sample,4268a3b7,44952160,4268a3b7,bf9c53e4,4268a3b7,32,PASS
roundtrip,deterministic-sample,95d37fb8,f1717cc2,95d37fb8,e55866f9,95d37fb8,32,PASS
roundtrip,deterministic-sample,bea457ea,a2d7e8f7,bea457ea,fcdb2cc6,bea457ea,32,PASS
roundtrip,deterministic-sample,bf78b506,42e82808,bf78b506,4e300780,bf78b506,32,PASS
roundtrip,deterministic-sample,92dc1caa,3c0ae0df,92dc1caa,2f8774fb,92dc1caa,32,PASS
roundtrip,deterministic-sample,3863d5ce,f85fba16,3863d5ce,4cdaa18c,3863d5ce,32,PASS
roundtrip,deterministic-sample,199ca0c3,96685f92,199ca0c3,d1197a72,199ca0c3,32,PASS
roundtrip,deterministic-sample,3d144621,8c603c32,3d144621,bce596fa,3d144621,32,PASS
roundtrip,deterministic-sample,0fd7a5e9,5835e739,0fd7a5e9,2aa44474,0fd7a5e9,32,PASS
roundtrip,deterministic-sample,9635f3dc,692c122b,9635f3dc,19d7d129,9635f3dc,32,PASS
roundtrip,deterministic-sample,2182989b,29b85d3b,2182989b,8bf2de9f,2182989b,32,PASS
roundtrip,deterministic-sample,20a9fbb3,ae2f66cc,20a9fbb3,472e725a,20a9fbb3,32,PASS
roundtrip,deterministic-sample,e42d1fdc,0396592b,e42d1fdc,cc959729,e42d1fdc,32,PASS
roundtrip,deterministic-sample,bd013ad7,fab6ca8b,bd013ad7,90ab5b4c,bd013ad7,32,PASS
roundtrip,deterministic-sample,d12968ba,19cfc1c7,d12968ba,2ebd5fdb,d12968ba,32,PASS
roundtrip,deterministic-sample,7bf48205,0cc493a6,7bf48205,1f8fc3fc,7bf48205,32,PASS
roundtrip,deterministic-sample,9d3eac3f,a10bfe50,9d3eac3f,0ed6a7df,9d3eac3f,32,PASS
roundtrip,deterministic-sample,5f946403,cdb5c314,5f946403,15619d09,5f946403,32,PASS
roundtrip,deterministic-sample,b199dca9,6d1b87d4,b199dca9,8d222a2b,b199dca9,32,PASS
roundtrip,deterministic-sample,cb9b8c4f,b29e020d,cb9b8c4f,3ee4a283,cb9b8c4f,32,PASS
roundtrip,deterministic-sample,f8541986,ca3cf812,f8541986,38209f69,f8541986,32,PASS
roundtrip,deterministic-sample,17f862b4,01a09583,17f862b4,94967316,17f862b4,32,PASS
roundtrip,deterministic-sample,6e730303,914af914,6e730303,d5337909,6e730303,32,PASS
roundtrip,deterministic-sample,cc7fe54a,e4487e52,cc7fe54a,5dca3194,cc7fe54a,32,PASS
roundtrip,deterministic-sample,2a011901,0fb6f8bf,2a011901,b3ab9f98,2a011901,32,PASS
roundtrip,deterministic-sample,2d068fb1,89301b81,2d068fb1,55420161,2d068fb1,32,PASS
roundtrip,deterministic-sample,62eae8e9,71475539,62eae8e9,7ee15774,62eae8e9,32,PASS
roundtrip,deterministic-sample,c10d3552,c2d44530,c10d3552,7383324a,c10d3552,32,PASS
roundtrip,deterministic-sample,934f96a1,3b914648,934f96a1,333bd913,934f96a1,32,PASS
roundtrip,deterministic-sample,52eb4bec,b7ce4940,52eb4bec,6a3710f2,52eb4bec,32,PASS
roundtrip,deterministic-sample,494c12c7,35249c4b,494c12c7,b05cf3ba,494c12c7,32,PASS
roundtrip,deterministic-sample,a9867eed,e5116e4d,a9867eed,c5b7e5c9,a9867eed,32,PASS
roundtrip,deterministic-sample,ad2655c0,a74d8eca,ad2655c0,e262e8e1,ad2655c0,32,PASS
roundtrip,deterministic-sample,9452a7ef,17b7ac31,9452a7ef,fbb0168b,9452a7ef,32,PASS
roundtrip,deterministic-sample,d54bd0b8,6e74dec2,d54bd0b8,65c800f9,d54bd0b8,32,PASS
roundtrip,deterministic-sample,44cc65d6,65151a19,44cc65d6,426dbb96,44cc65d6,32,PASS
roundtrip,deterministic-sample,c6aefc4d,86796f58,c6aefc4d,d21650ed,c6aefc4d,32,PASS
roundtrip,deterministic-sample,3dcd4b1e,8c384964,3dcd4b1e,bc18108d,3dcd4b1e,32,PASS
roundtrip,deterministic-sample,0176e869,70655586,0176e869,17455759,0176e869,32,PASS
roundtrip,deterministic-sample,530f6cd4,072a37b5,530f6cd4,36c2f4a9,530f6cd4,32,PASS
roundtrip,deterministic-sample,6c23c05e,87aa740e,6c23c05e,3c89bd11,6c23c05e,32,PASS
roundtrip,deterministic-sample,9129430a,9ecfd7c5,9129430a,6ebd59b9,9129430a,32,PASS
roundtrip,deterministic-sample,9043aa6e,bda1b7eb,9043aa6e,326567e7,9043aa6e,32,PASS
roundtrip,deterministic-sample,44cd05c9,653850ed,44cd05c9,4218ab0e,44cd05c9,32,PASS
roundtrip,deterministic-sample,6afea993,52f656a3,6afea993,9be9c7a0,6afea993,32,PASS
roundtrip,deterministic-sample,465e58d5,501ecdbc,465e58d5,a45180a4,465e58d5,32,PASS
roundtrip,deterministic-sample,25d37097,f47163fd,25d37097,f158f12f,25d37097,32,PASS
roundtrip,deterministic-sample,33f71b97,935113fd,33f71b97,a6cb8f2f,33f71b97,32,PASS
roundtrip,deterministic-sample,c037e975,0beb7711,c037e975,5ef9ee7b,c037e975,32,PASS
roundtrip,deterministic-sample,9e33a8d9,e073c556,9e33a8d9,916bb768,9e33a8d9,32,PASS
roundtrip,deterministic-sample,8e3754ed,0aeb334d,8e3754ed,7cf924c9,8e3754ed,32,PASS
roundtrip,deterministic-sample,f1f211b8,25820cc2,f1f211b8,95f00ff9,f1f211b8,32,PASS
roundtrip,deterministic-sample,cb6c431a,b261d71c,cb6c431a,3e15593e,cb6c431a,32,PASS
roundtrip,deterministic-sample,22eb713d,12ce7d82,22eb713d,273736c4,22eb713d,32,PASS
roundtrip,deterministic-sample,d5521c3b,6eb7e0f4,d5521c3b,65b0749b,d5521c3b,32,PASS
roundtrip,deterministic-sample,4c73dd71,384a7b17,4c73dd71,af330904,4c73dd71,32,PASS
roundtrip,deterministic-sample,cc61357f,e49445af,cc61357f,5d6c32cc,cc61357f,32,PASS
roundtrip,deterministic-sample,b31aa318,2a09219a,b31aa318,75be5377,b31aa318,32,PASS
roundtrip,deterministic-sample,0843c424,eda15322,0843c424,00656a5b,0843c424,32,PASS
roundtrip,deterministic-sample,6828f4a7,75d06cc8,6828f4a7,98affdc1,6828f4a7,32,PASS
roundtrip,deterministic-sample,a139d0d9,ee90de56,a139d0d9,9dd40068,a139d0d9,32,PASS
roundtrip,deterministic-sample,ff751448,98a68a99,ff751448,ac6e4ea1,ff751448,32,PASS
roundtrip,deterministic-sample,e27b6c76,adc337f1,e27b6c76,abe0f41d,e27b6c76,32,PASS
roundtrip,deterministic-sample,71489a0c,48f90af6,71489a0c,627f6149,71489a0c,32,PASS
roundtrip,deterministic-sample,232c4a08,fb00b0f8,232c4a08,e935bc06,232c4a08,32,PASS
roundtrip,deterministic-sample,e7cef8fe,1498881f,e7cef8fe,a7eb1933,e7cef8fe,32,PASS
roundtrip,deterministic-sample,22f5b656,129d8180,22f5b656,277147d9,22f5b656,32,PASS
roundtrip,deterministic-sample,13d8b569,59042886,13d8b569,6dc30759,13d8b569,32,PASS
roundtrip,deterministic-sample,abc76db3,e255cecc,abc76db3,61c55e5a,abc76db3,32,PASS
roundtrip,deterministic-sample,8854ffeb,993c8bf3,8854ffeb,d020776e,8854ffeb,32,PASS
roundtrip,deterministic-sample,e29b13df,ad9e843f,e29b13df,abe41baa,e29b13df,32,PASS
roundtrip,deterministic-sample,9cf6c64f,dde4090d,9cf6c64f,59fe9183,9cf6c64f,32,PASS
roundtrip,deterministic-sample,c3df8e50,dfbd0026,c3df8e50,54c4553f,c3df8e50,32,PASS
roundtrip,deterministic-sample,70a77c1a,27fada1c,70a77c1a,01e27f3e,70a77c1a,32,PASS
roundtrip,deterministic-sample,7baa0288,0cd12bad,7baa0288,1f238ccf,7baa0288,32,PASS
roundtrip,deterministic-sample,4498f1d5,654970bc,4498f1d5,42ced3a4,4498f1d5,32,PASS
roundtrip,deterministic-sample,0eedec04,9d77d871,0eedec04,4aba6040,0eedec04,32,PASS
roundtrip,deterministic-sample,decb83f2,e3f7e1ec,decb83f2,74171d0d,decb83f2,32,PASS
roundtrip,deterministic-sample,780701a8,2e858ffc,780701a8,6fcf52c5,780701a8,32,PASS
roundtrip,deterministic-sample,9e7bfb91,e0c366de,9e7bfb91,91e072d3,9e7bfb91,32,PASS
roundtrip,deterministic-sample,c03cc9b5,0b214254,c03cc9b5,5e5493d4,c03cc9b5,32,PASS
roundtrip,deterministic-sample,7842e330,2e068d55,7842e330,6f6fd452,7842e330,32,PASS
roundtrip,deterministic-sample,a0bad562,06edbada,a0bad562,ef50a1d2,a0bad562,32,PASS
roundtrip,deterministic-sample,b8cbe549,4bf77e0c,b8cbe549,db173127,b8cbe549,32,PASS
roundtrip,deterministic-sample,48364878,cf672eb2,48364878,71ef15f1,48364878,32,PASS
roundtrip,deterministic-sample,a6181464,33cd8ad8,a6181464,fe114e1e,a6181464,32,PASS
roundtrip,deterministic-sample,360c03ee,53b0f973,360c03ee,167779a2,360c03ee,32,PASS
roundtrip,deterministic-sample,78428216,2e0693b4,78428216,6f6fc3ce,78428216,32,PASS
roundtrip,deterministic-sample,280a94d6,1a3fc719,280a94d6,d9dc4596,280a94d6,32,PASS
roundtrip,deterministic-sample,289d5a5e,1a66b30e,289d5a5e,d9f53911,289d5a5e,32,PASS
roundtrip,deterministic-sample,f90dad15,e8d44dd0,f90dad15,2683b87d,f90dad15,32,PASS
roundtrip,deterministic-sample,d94a4302,2870d75d,d94a4302,1a73592c,d94a4302,32,PASS
roundtrip,deterministic-sample,b4633977,2b5f5a18,b4633977,37daf56d,b4633977,32,PASS
roundtrip,deterministic-sample,bafbaaf1,b920b778,bafbaaf1,8cde6776,bafbaaf1,32,PASS
roundtrip,deterministic-sample,3b184943,f6cdefe7,3b184943,93114b00,3b184943,32,PASS
roundtrip,deterministic-sample,74363b3b,de670df4,74363b3b,dfef569b,74363b3b,32,PASS
roundtrip,deterministic-sample,d97150f3,28f5fc6b,d97150f3,1ad305eb,d97150f3,32,PASS
roundtrip,deterministic-sample,9e8661c4,e0119a3d,9e8661c4,91b79b31,9e8661c4,32,PASS
roundtrip,deterministic-sample,0567dbfb,9fe3eeaa,0567dbfb,0636e444,0567dbfb,32,PASS
roundtrip,deterministic-sample,3d005a17,8cabb34c,3d005a17,bc2c3971,3d005a17,32,PASS
roundtrip,deterministic-sample,fe1687f6,a6ae2a35,fe1687f6,996adc0c,fe1687f6,32,PASS
roundtrip,deterministic-sample,f3e240c2,b6a726f5,f3e240c2,da052eb8,f3e240c2,32,PASS
roundtrip,deterministic-sample,c4b1fadf,0041523f,c4b1fadf,bbb888aa,c4b1fadf,32,PASS
roundtrip,deterministic-sample,86a6826a,630e9300,86a6826a,c675c37e,86a6826a,32,PASS
roundtrip,deterministic-sample,8b96caff,21f89907,8b96caff,f02d3a20,8b96caff,32,PASS
roundtrip,deterministic-sample,0be970fb,affe63aa,0be970fb,c0d2f144,0be970fb,32,PASS
roundtrip,deterministic-sample,9b364200,6a677543,9b364200,e6efc96a,9b364200,32,PASS
roundtrip,deterministic-sample,3dbb1cdb,8c57e0ba,3dbb1cdb,bc567441,3dbb1cdb,32,PASS
roundtrip,deterministic-sample,9a2a2aab,f502dc41,9a2a2aab,a80f87e2,9a2a2aab,32,PASS
roundtrip,deterministic-sample,309b8794,8d9e2a4a,309b8794,8fe4dcad,309b8794,32,PASS
roundtrip,deterministic-sample,4d4dd3a0,60d2f193,4d4dd3a0,4526b482,4d4dd3a0,32,PASS
roundtrip,deterministic-sample,100cafbc,ceb09fb9,100cafbc,1877d6d5,100cafbc,32,PASS
roundtrip,deterministic-sample,3a96c561,67f878b1,3a96c561,a32da89a,3a96c561,32,PASS
roundtrip,deterministic-sample,a5681bfc,4f951305,a5681bfc,819c8fa8,a5681bfc,32,PASS
roundtrip,deterministic-sample,64eed617,47b9af4c,64eed617,7abce671,64eed617,32,PASS
roundtrip,deterministic-sample,7ba14921,0c32ef32,7ba14921,1f434bfa,7ba14921,32,PASS
roundtrip,deterministic-sample,022d4c03,a396a114,022d4c03,67951a09,022d4c03,32,PASS
roundtrip,deterministic-sample,de024375,e3c5d711,de024375,742a597b,de024375,32,PASS
roundtrip,deterministic-sample,5bf9a023,15375f6d,5bf9a023,ce487a3a,5bf9a023,32,PASS
roundtrip,deterministic-sample,90430c7d,bda16915,90430c7d,326511cd,90430c7d,32,PASS
roundtrip,deterministic-sample,c85647fb,c5bbb6aa,c85647fb,608c5144,c85647fb,32,PASS
roundtrip,deterministic-sample,158dd24f,5fb45c0d,158dd24f,5b1c2783,158dd24f,32,PASS
roundtrip,deterministic-sample,5748d00d,16f9def2,5748d00d,587f004f,5748d00d,32,PASS
roundtrip,deterministic-sample,e4638389,035fe163,e4638389,ccda1d12,e4638389,32,PASS
roundtrip,deterministic-sample,164fd980,36919606,164fd980,573bf256,164fd980,32,PASS
roundtrip,deterministic-sample,428a48df,44312e3f,428a48df,bf5515aa,428a48df,32,PASS
roundtrip,deterministic-sample,79a40ff7,6bd711fa,79a40ff7,f2db3fea,79a40ff7,32,PASS
roundtrip,deterministic-sample,f308e89a,b6c15561,f308e89a,dafd5718,f308e89a,32,PASS
roundtrip,deterministic-sample,2d602d77,8925a618,2d602d77,5514386d,2d602d77,32,PASS
roundtrip,deterministic-sample,3115fb10,6f6c6668,3115fb10,2bcc72f4,3115fb10,32,PASS
roundtrip,deterministic-sample,4080394b,ef845a74,4080394b,832bf5c7,4080394b,32,PASS
roundtrip,deterministic-sample,b286297f,f01122af,b286297f,cbb7f7cc,b286297f,32,PASS
roundtrip,deterministic-sample,8297a7cb,45bfac8c,8297a7cb,e84e16b0,8297a7cb,32,PASS
roundtrip,deterministic-sample,bbb1637c,c44104ae,bbb1637c,0ab87060,bbb1637c,32,PASS
roundtrip,deterministic-sample,6c0bbaf3,87e7246b,6c0bbaf3,3c3ed5eb,6c0bbaf3,32,PASS
roundtrip,deterministic-sample,71ef3c79,4836b85c,71ef3c79,6249466b,71ef3c79,32,PASS
roundtrip,deterministic-sample,5a6abe69,77162c86,5a6abe69,7f329e59,5a6abe69,32,PASS
roundtrip,deterministic-sample,b9548ffa,563c1b21,b9548ffa,ba2001f7,b9548ffa,32,PASS
roundtrip,deterministic-sample,3dd0ae4f,8c5b900d,3dd0ae4f,bc287583,3dd0ae4f,32,PASS
roundtrip,deterministic-sample,2b321223,316a9c6d,2b321223,b4a1f33a,2b321223,32,PASS
roundtrip,deterministic-sample,47be9598,201a1001,47be9598,64c66237,47be9598,32,PASS
roundtrip,deterministic-sample,34b63cde,f2c2b8b6,34b63cde,c7014691,34b63cde,32,PASS
roundtrip,deterministic-sample,969d2c48,69665799,969d2c48,19f5bea1,969d2c48,32,PASS
roundtrip,deterministic-sample,51928d82,32c9f0a0,51928d82,84a5e33d,51928d82,32,PASS
roundtrip,deterministic-sample,047b7ff3,d6c37c6b,047b7ff3,1be066eb,047b7ff3,32,PASS
roundtrip,deterministic-sample,1b206c11,0454375e,1b206c11,b6fbf475,1b206c11,32,PASS
roundtrip,deterministic-sample,c2eaaf40,1d479f04,c2eaaf40,c1e1d6ec,c2eaaf40,32,PASS
roundtrip,deterministic-sample,775e7ce1,181edac0,775e7ce1,5a517f39,775e7ce1,32,PASS
roundtrip,deterministic-sample,a0821080,06b84b06,a0821080,eff29556,a0821080,32,PASS
roundtrip,deterministic-sample,b0de58e9,49fbcd39,b0de58e9,4f5a8074,b0de58e9,32,PASS
roundtrip,deterministic-sample,03abe408,5d01dbf8,03abe408,e4008406,03abe408,32,PASS
roundtrip,deterministic-sample,9a71a83d,f5f5c582,9a71a83d,a8d3b7c4,9a71a83d,32,PASS
roundtrip,deterministic-sample,41bdaf46,d4299f6c,41bdaf46,63dfd635,41bdaf46,32,PASS
roundtrip,deterministic-sample,7ef7b8ec,6251ad40,7ef7b8ec,d7cb3cf2,7ef7b8ec,32,PASS
roundtrip,deterministic-sample,b4a5ff39,2b928be1,b4a5ff39,377477e9,b4a5ff39,32,PASS
roundtrip,deterministic-sample,63198998,419cb101,63198998,8625c837,63198998,32,PASS
roundtrip,deterministic-sample,177eb12d,017a9e53,177eb12d,942189d1,177eb12d,32,PASS
roundtrip,deterministic-sample,ea354180,3e2c7a06,ea354180,dcd79056,ea354180,32,PASS
roundtrip,deterministic-sample,02a970c2,a32f63f5,02a970c2,672ef1b8,02a970c2,32,PASS
roundtrip,deterministic-sample,ba95f5da,b92d39b0,ba95f5da,8c687b62,ba95f5da,32,PASS
roundtrip,deterministic-sample,81f84e6d,a5a01477,81f84e6d,50962f23,81f84e6d,32,PASS
roundtrip,deterministic-sample,8e80e497,0a84dbfd,8e80e497,7c2b842f,8e80e497,32,PASS
roundtrip,deterministic-sample,d05bfe5e,88c0b20e,d05bfe5e,ebd0ac11,d05bfe5e,32,PASS
roundtrip,deterministic-sample,5d9d5b56,cc663a80,5d9d5b56,03f504d9,5d9d5b56,32,PASS
roundtrip,deterministic-sample,280be58d,1ae77e1e,280be58d,d93e31d8,280be58d,32,PASS
roundtrip,deterministic-sample,c3f795d0,df511036,c3f795d0,54cb6215,c3f795d0,32,PASS
roundtrip,deterministic-sample,18fc23b6,101dbb70,18fc23b6,77046bde,18fc23b6,32,PASS
roundtrip,deterministic-sample,0ddf1393,fcbd84a3,0ddf1393,8ac41ba0,0ddf1393,32,PASS
roundtrip,deterministic-sample,1a0d8ce5,d9d402e8,1a0d8ce5,2883a28f,1a0d8ce5,32,PASS
roundtrip,deterministic-sample,d9be5c8d,281a6b1e,d9be5c8d,1ac6d2d8,d9be5c8d,32,PASS
roundtrip,deterministic-sample,57d146da,16893cb0,57d146da,58aa9662,57d146da,32,PASS
roundtrip,deterministic-sample,9e4d12bf,e0d29c87,9e4d12bf,9126f301,9e4d12bf,32,PASS
roundtrip,deterministic-sample,bf477af2,42e1a0ec,bf477af2,4eea410d,bf477af2,32,PASS
roundtrip,deterministic-sample,533b4d3e,074ff21a,533b4d3e,36f3ad14,533b4d3e,32,PASS
roundtrip,deterministic-sample,690e9e70,d26ebe2f,690e9e70,96a6b1b6,690e9e70,32,PASS
roundtrip,deterministic-sample,e2d8a110,ad04d568,e2d8a110,abc34cf4,e2d8a110,32,PASS
roundtrip,deterministic-sample,29a197cd,54321f7d,29a197cd,2143e11c,29a197cd,32,PASS
roundtrip,deterministic-sample,705f7641,2781eddb,705f7641,0163e2ab,705f7641,32,PASS
roundtrip,deterministic-sample,4c74384a,38a52d52,4c74384a,af4b2b94,4c74384a,32,PASS
roundtrip,deterministic-sample,a4dea374,46fb21e9,a4dea374,fd5a534b,a4dea374,32,PASS
roundtrip,deterministic-sample,66b37eac,c72e6e3a,66b37eac,e003e592,66b37eac,32,PASS
roundtrip,deterministic-sample,25b9b9ff,f488c807,25b9b9ff,f1ee8a20,25b9b9ff,32,PASS
roundtrip,deterministic-sample,424c473c,4424b685,424c473c,bf5c5153,424c473c,32,PASS
roundtrip,deterministic-sample,9fdfef49,c9bd170c,9fdfef49,05c44927,9fdfef49,32,PASS
roundtrip,deterministic-sample,24e93412,2cfefd89,24e93412,fad29986,24e93412,32,PASS
roundtrip,deterministic-sample,4f05d1c7,b0e2f34b,4f05d1c7,a5240dba,4f05d1c7,32,PASS
roundtrip,deterministic-sample,52942079,b7b5cb5c,52942079,6a61b26b,52942079,32,PASS
roundtrip,deterministic-sample,05f60db4,9fe4d183,05f60db4,06fe3b16,05f60db4,32,PASS
roundtrip,deterministic-sample,4c5d1d14,383a833e,4c5d1d14,afd51e03,4c5d1d14,32,PASS
roundtrip,deterministic-sample,1002b78b,cec5a8ef,1002b78b,182aaad7,1002b78b,32,PASS
roundtrip,deterministic-sample,988d6ab2,68b4c4c6,988d6ab2,ff1ca678,988d6ab2,32,PASS
roundtrip,deterministic-sample,8ebd3bbf,0a290d87,8ebd3bbf,7cdf5601,8ebd3bbf,32,PASS
roundtrip,deterministic-sample,1093241a,cefd541c,1093241a,1864ba3e,1093241a,32,PASS
roundtrip,deterministic-sample,f61b9c52,559a3f30,f61b9c52,3b99124a,f61b9c52,32,PASS
roundtrip,deterministic-sample,37a24dda,b446f2b0,37a24dda,6b10ad62,37a24dda,32,PASS
roundtrip,deterministic-sample,bd3f6816,fa1cc1b4,bd3f6816,900a5fce,bd3f6816,32,PASS
roundtrip,deterministic-sample,578d8108,16b42ff8,578d8108,581cb606,578d8108,32,PASS
roundtrip,deterministic-sample,1232a91e,f76a5664,1232a91e,22a1c78d,1232a91e,32,PASS
roundtrip,deterministic-sample,a5381856,4f643680,a5381856,81cd5dd9,a5381856,32,PASS
roundtrip,deterministic-sample,6063e2af,c85f76d2,6063e2af,4dda697f,6063e2af,32,PASS
roundtrip,deterministic-sample,9af79a34,f5510a7a,9af79a34,a8cb6151,9af79a34,32,PASS
roundtrip,deterministic-sample,5f94f36c,cdb512c1,5f94f36c,1561d146,5f94f36c,32,PASS
roundtrip,deterministic-sample,fedb6190,a6a49a0b,fedb6190,99a89b99,fedb6190,32,PASS
roundtrip,deterministic-sample,cfcc3464,1c15fdd8,cfcc3464,486d991e,cfcc3464,32,PASS
roundtrip,deterministic-sample,61528844,abb7fafb,61528844,ecb0f819,61528844,32,PASS
roundtrip,deterministic-sample,3b181d49,f6cd830c,3b181d49,93111e27,3b181d49,32,PASS
roundtrip,deterministic-sample,2e950331,d12df9c4,2e950331,786879ef,2e950331,32,PASS
roundtrip,deterministic-sample,509fed48,8127a299,509fed48,46b476a1,509fed48,32,PASS
roundtrip,deterministic-sample,0be1c1b3,afea51cc,0be1c1b3,c047685a,0be1c1b3,32,PASS
roundtrip,deterministic-sample,4920b358,3554606f,4920b358,b0fb5a4d,4920b358,32,PASS
short-shift,length,874b2cf0,,,,874b2cf0,1,PASS
short-shift,length,0e9659e0,,,,0e9659e0,2,PASS
short-shift,length,1d2cb3c0,,,,1d2cb3c0,3,PASS
short-shift,length,3a596781,,,,3a596781,4,PASS
short-shift,length,74b2cf02,,,,74b2cf02,5,PASS
short-shift,length,e9659e04,,,,e9659e04,6,PASS
short-shift,length,d2cb3c09,,,,d2cb3c09,7,PASS
short-shift,length,a5967812,,,,a5967812,8,PASS
short-shift,length,4b2cf024,,,,4b2cf024,9,PASS
short-shift,length,9659e048,,,,9659e048,10,PASS
short-shift,length,2cb3c091,,,,2cb3c091,11,PASS
short-shift,length,59678123,,,,59678123,12,PASS
short-shift,length,b2cf0246,,,,b2cf0246,13,PASS
short-shift,length,659e048d,,,,659e048d,14,PASS
short-shift,length,cb3c091a,,,,cb3c091a,15,PASS
short-shift,length,96781234,,,,96781234,16,PASS
short-shift,length,2cf02468,,,,2cf02468,17,PASS
short-shift,length,59e048d1,,,,59e048d1,18,PASS
short-shift,length,b3c091a2,,,,b3c091a2,19,PASS
short-shift,length,67812345,,,,67812345,20,PASS
short-shift,length,cf02468a,,,,cf02468a,21,PASS
short-shift,length,9e048d15,,,,9e048d15,22,PASS
short-shift,length,3c091a2b,,,,3c091a2b,23,PASS
short-shift,length,78123456,,,,78123456,24,PASS
short-shift,length,f02468ac,,,,f02468ac,25,PASS
short-shift,length,e048d159,,,,e048d159,26,PASS
short-shift,length,c091a2b3,,,,c091a2b3,27,PASS
short-shift,length,81234567,,,,81234567,28,PASS
short-shift,length,02468acf,,,,02468acf,29,PASS
short-shift,length,048d159e,,,,048d159e,30,PASS
short-shift,length,091a2b3c,,,,091a2b3c,31,PASS
